#temp,#2.1,#1.76,#1.2,#0.7
0.001,0,0,0,0
0.002,0,0,2.15747e-261,1.19366e-157
0.003,1.03865e-300,4.78297e-252,1.43972e-172,1.50113e-103
0.004,3.19474e-224,8.95933e-188,2.91572e-128,1.30572e-76
0.005,2.22703e-178,2.91583e-149,9.78786e-102,1.64021e-60
0.006,7.53105e-148,1.27972e-123,4.3589e-84,8.05825e-50
0.007,4.5589e-126,2.50903e-105,1.66683e-71,3.27329e-42
0.008,9.46653e-110,1.26045e-91,4.37971e-62,1.59166e-36
0.009,4.48734e-97,5.52254e-81,9.00005e-55,4.07845e-32
0.01,6.02421e-87,1.75084e-72,6.21536e-49,1.33762e-28
0.011,1.1369e-78,1.54331e-65,3.64557e-44,9.86545e-26
0.012,8.7742e-72,9.27677e-60,3.3685e-40,2.38067e-23
0.013,5.7987e-66,7.07536e-55,7.51865e-37,2.43565e-21
0.014,5.56279e-61,1.06679e-50,5.50098e-34,1.27094e-19
0.015,1.14057e-56,4.40105e-47,1.65011e-31,3.87257e-18
0.016,6.6804e-53,6.33912e-44,2.40002e-29,7.62558e-17
0.017,1.3952e-49,3.84065e-41,1.92415e-27,1.04853e-15
0.018,1.23454e-46,1.13133e-38,9.39478e-26,1.06921e-14
0.019,5.30276e-44,1.81648e-36,3.02222e-24,8.47904e-14
0.02,1.23277e-41,1.7419e-34,6.82152e-23,5.43141e-13
0.021,1.69391e-39,1.07422e-32,1.13674e-21,2.89802e-12
0.022,1.47844e-37,4.52598e-31,1.45797e-20,1.32075e-11
0.023,8.69853e-36,1.36954e-29,1.4896e-19,5.24898e-11
0.024,3.62522e-34,3.10277e-28,1.24755e-18,1.85081e-10
0.025,1.11567e-32,5.45018e-27,8.77319e-18,5.87466e-10
0.026,2.62618e-31,7.6452e-26,5.28677e-17,1.69925e-09
0.027,4.8721e-30,8.78236e-25,2.77764e-16,4.52607e-09
0.028,7.30898e-29,8.44187e-24,1.29137e-15,1.1201e-08
0.029,9.06467e-28,6.9173e-23,5.38101e-15,2.59542e-08
0.03,9.47376e-27,4.91013e-22,2.03198e-14,5.66855e-08
0.031,8.48424e-26,3.06189e-21,7.02099e-14,1.17374e-07
0.032,6.60632e-25,1.69804e-20,2.23851e-13,2.31587e-07
0.033,4.53031e-24,8.46522e-20,6.63458e-13,4.37352e-07
0.034,2.7671e-23,3.82986e-19,1.83989e-12,7.93654e-07
0.035,1.52054e-22,1.58573e-18,4.80181e-12,1.38876e-06
0.036,7.58411e-22,6.05367e-18,1.18543e-11,2.35048e-06
0.037,3.46089e-21,2.14506e-17,2.78094e-11,3.8585e-06
0.038,1.45521e-20,7.09702e-17,6.22482e-11,6.15859e-06
0.039,5.67384e-20,2.20417e-16,1.33436e-10,9.57862e-06
0.04,2.06313e-19,6.45697e-16,2.74828e-10,1.45461e-05
0.041,7.03252e-19,1.79188e-15,5.45485e-10,2.16066e-05
0.042,2.25766e-18,4.72918e-15,1.04618e-09,3.14434e-05
0.043,6.85494e-18,1.19124e-14,1.94351e-09,4.48961e-05
0.044,1.97612e-17,2.87307e-14,3.50499e-09,6.29801e-05
0.045,5.42761e-17,6.65436e-14,6.14868e-09,8.69041e-05
0.046,1.42486e-16,1.48402e-13,1.05116e-08,0.000118086
0.047,3.58571e-16,3.19454e-13,1.75421e-08,0.000158168
0.048,8.6731e-16,6.65255e-13,2.86209e-08,0.000209026
0.049,2.02133e-15,1.34299e-12,4.57184e-08,0.000272781
0.05,4.5493e-15,2.6332e-12,7.15924e-08,0.000351802
0.051,9.90824e-15,5.02317e-12,1.10035e-07,0.000448708
0.052,2.09231e-14,9.338e-12,1.66173e-07,0.00056637
0.053,4.29145e-14,1.69416e-11,2.46832e-07,0.0007079
0.054,8.56329e-14,3.00386e-11,3.60961e-07,0.000876648
0.055,1.66493e-13,5.21172e-11,5.20135e-07,0.00107619
0.056,3.1585e-13,8.85872e-11,7.39131e-07,0.0013103
0.057,5.85418e-13,1.47682e-10,1.03658e-06,0.00158296
0.058,1.0614e-12,2.41709e-10,1.43571e-06,0.00189832
0.059,1.88459e-12,3.8876e-10,1.96513e-06,0.00226067
0.06,3.28045e-12,6.15004e-10,2.65977e-06,0.00267443
0.061,5.60355e-12,9.57728e-10,3.5618e-06,0.00314414
0.062,9.40168e-12,1.4693e-09,4.72172e-06,0.00367439
0.063,1.55073e-11,2.22229e-09,6.19941e-06,0.00426984
0.064,2.51658e-11,3.31591e-09,8.06533e-06,0.00493515
0.065,4.02119e-11,4.88423e-09,1.04017e-05,0.00567501
0.066,6.33114e-11,7.10624e-09,1.33038e-05,0.00649406
0.067,9.82839e-11,1.02183e-08,1.6881e-05,0.00739689
0.068,1.50533e-10,1.45292e-08,2.12587e-05,0.00838801
0.069,2.27606e-10,2.04382e-08,2.65786e-05,0.00947184
0.07,3.39929e-10,2.8457e-08,3.30009e-05,0.0106527
0.071,5.0173e-10,3.92347e-08,4.07051e-05,0.0119346
0.072,7.32231e-10,5.35881e-08,4.98914e-05,0.0133217
0.073,1.05712e-09,7.25361e-08,6.07814e-05,0.0148178
0.074,1.51042e-09,9.73395e-08,7.36201e-05,0.0164264
0.075,2.13671e-09,1.29547e-07,8.8676e-05,0.018151
0.076,2.99395e-09,1.71045e-07,0.000106243,0.0199948
0.077,4.15677e-09,2.2412e-07,0.000126639,0.0219607
0.078,5.72057e-09,2.91518e-07,0.000150211,0.0240515
0.079,7.80621e-09,3.7652e-07,0.00017733,0.0262697
0.08,1.05657e-08,4.83021e-07,0.000208398,0.0286175
0.081,1.41889e-08,6.15617e-07,0.000243842,0.0310969
0.082,1.89112e-08,7.79701e-07,0.000284118,0.0337097
0.083,2.50224e-08,9.81566e-07,0.000329711,0.0364573
0.084,3.28769e-08,1.22851e-06,0.000381135,0.039341
0.085,4.29059e-08,1.52897e-06,0.00043893,0.0423618
0.086,5.56303e-08,1.89264e-06,0.000503665,0.0455204
0.087,7.16758e-08,2.3306e-06,0.000575937,0.0488174
0.088,9.179e-08,2.85546e-06,0.000656369,0.0522529
0.089,1.16861e-07,3.48152e-06,0.000745612,0.0558271
0.09,1.4794e-07,4.22493e-06,0.00084434,0.0595396
0.091,1.86261e-07,5.10383e-06,0.000953255,0.0633902
0.092,2.3327e-07,6.13854e-06,0.00107308,0.0673782
0.093,2.90652e-07,7.35172e-06,0.00120456,0.0715026
0.094,3.60359e-07,8.76855e-06,0.00134846,0.0757626
0.095,4.44647e-07,1.04169e-05,0.00150558,0.0801569
0.096,5.46109e-07,1.23277e-05,0.00167671,0.084684
0.097,6.67716e-07,1.45346e-05,0.00186269,0.0893425
0.098,8.12854e-07,1.70748e-05,0.00206435,0.0941305
0.099,9.85374e-07,1.9989e-05,0.00228255,0.0990463
0.1,1.18963e-06,2.33213e-05,0.00251815,0.104088
0.101,1.43055e-06,2.71199e-05,0.00277203,0.109253
0.102,1.71365e-06,3.14368e-05,0.00304508,0.114539
0.103,2.04512e-06,3.63283e-05,0.00333819,0.119944
0.104,2.43188e-06,4.18551e-05,0.00365227,0.125465
0.105,2.88163e-06,4.80825e-05,0.00398821,0.1311
0.106,3.40292e-06,5.50804e-05,0.00434694,0.136846
0.107,4.00519e-06,6.29236e-05,0.00472935,0.1427
0.108,4.6989e-06,7.16922e-05,0.00513635,0.148659
0.109,5.49551e-06,8.14712e-05,0.00556886,0.154721
0.11,6.40763e-06,9.23509e-05,0.00602776,0.160883
0.111,7.44905e-06,0.000104427,0.00651397,0.16714
0.112,8.63483e-06,0.000117802,0.00702836,0.173491
0.113,9.98137e-06,0.000132582,0.00757182,0.179932
0.114,1.15065e-05,0.00014888,0.00814521,0.186461
0.115,1.32295e-05,0.000166815,0.00874939,0.193073
0.116,1.51712e-05,0.000186513,0.00938521,0.199765
0.117,1.73543e-05,0.000208102,0.0100535,0.206536
0.118,1.98029e-05,0.000231721,0.0107551,0.21338
0.119,2.25432e-05,0.000257513,0.0114907,0.220295
0.12,2.56031e-05,0.000285625,0.0122612,0.227278
0.121,2.90125e-05,0.000316214,0.0130674,0.234326
0.122,3.28033e-05,0.000349441,0.0139099,0.241435
0.123,3.70097e-05,0.000385472,0.0147894,0.248602
0.124,4.16679e-05,0.000424482,0.0157068,0.255824
0.125,4.68164e-05,0.000466649,0.0166626,0.263098
0.126,5.2496e-05,0.00051216,0.0176574,0.270421
0.127,5.87501e-05,0.000561205,0.018692,0.277789
0.128,6.56242e-05,0.000613981,0.019767,0.2852
0.129,7.31666e-05,0.000670691,0.0208828,0.292651
0.13,8.14281e-05,0.000731543,0.0220401,0.300138
0.131,9.04622e-05,0.000796752,0.0232393,0.307658
0.132,0.000100325,0.000866536,0.024481,0.315209
0.133,0.000111075,0.00094112,0.0257656,0.322788
0.134,0.000122775,0.00102073,0.0270936,0.330392
0.135,0.000135488,0.00110561,0.0284654,0.338018
0.136,0.000149282,0.00119599,0.0298813,0.345663
0.137,0.000164227,0.00129212,0.0313417,0.353326
0.138,0.000180397,0.00139424,0.032847,0.361002
0.139,0.000197867,0.0015026,0.0343974,0.36869
0.14,0.000216717,0.00161747,0.0359932,0.376387
0.141,0.000237029,0.0017391,0.0376347,0.38409
0.142,0.000258888,0.00186775,0.039322,0.391798
0.143,0.000282381,0.0020037,0.0410554,0.399507
0.144,0.000307601,0.00214721,0.042835,0.407216
0.145,0.000334769,0.00229941,0.0446768,0.415051
0.146,0.000363762,0.00245906,0.0465515,0.422762
0.147,0.000394599,0.00262598,0.0484536,0.430324
0.148,0.000427697,0.00280249,0.0504191,0.438008
0.149,0.000463021,0.00298794,0.0524311,0.445682
0.15,0.000500681,0.00318263,0.0544897,0.453342
0.151,0.000540788,0.00338683,0.0565948,0.460987
0.152,0.000583458,0.00360083,0.0587465,0.468615
0.153,0.000628808,0.00382492,0.0609445,0.476225
0.154,0.000676959,0.00405937,0.0631888,0.483813
0.155,0.000728033,0.00430449,0.0654793,0.49138
0.156,0.000782476,0.00456238,0.0678416,0.499086
0.157,0.000839855,0.00483004,0.0702272,0.506613
0.158,0.000900125,0.00510693,0.0726285,0.513936
0.159,0.000964181,0.00539756,0.075102,0.521397
0.16,0.00103182,0.00570029,0.0776207,0.528828
0.161,0.00110317,0.0060154,0.0801843,0.536228
0.162,0.00117838,0.00634316,0.0827926,0.543595
0.163,0.00125813,0.00668666,0.085479,0.551116
0.164,0.0013416,0.00704108,0.0881794,0.558424
0.165,0.00142868,0.00740557,0.0908849,0.565494
0.166,0.00152078,0.00778677,0.0936687,0.572718
0.167,0.00161818,0.00818552,0.0965343,0.580104
0.168,0.00171976,0.00859568,0.0994078,0.587259
0.169,0.00182536,0.00901616,0.102279,0.59416
0.17,0.00193676,0.00945517,0.105233,0.601223
0.171,0.00205429,0.00991361,0.108272,0.608457
0.172,0.00217646,0.0103838,0.111312,0.615443
0.173,0.00230303,0.0108644,0.114342,0.622158
0.174,0.00243736,0.0113704,0.117507,0.629269
0.175,0.00257666,0.0118883,0.120667,0.63612
0.176,0.00272062,0.0124165,0.123811,0.642688
0.177,0.00287325,0.0129724,0.127097,0.649668
0.178,0.00303117,0.0135401,0.130373,0.656378
0.179,0.00319545,0.0141244,0.133683,0.663031
0.18,0.00336661,0.0147266,0.137034,0.669643
0.181,0.0035428,0.0153387,0.140356,0.67595
0.182,0.00372934,0.0159825,0.143836,0.682702
0.183,0.00392162,0.016638,0.147294,0.689163
0.184,0.00412108,0.0173109,0.150783,0.695566
0.185,0.00433036,0.0180113,0.154377,0.702184
0.186,0.00454324,0.0187134,0.15787,0.708229
0.187,0.00476584,0.019442,0.161459,0.714476
0.188,0.00499673,0.0201903,0.165085,0.720677
0.189,0.0052356,0.0209568,0.168738,0.726819
0.19,0.00548579,0.0217539,0.172504,0.73319
0.191,0.00574202,0.0225605,0.176225,0.739235
0.192,0.00600404,0.0233754,0.179895,0.744943
0.193,0.00627748,0.02422,0.183669,0.75087
0.194,0.00656354,0.0250977,0.187561,0.75704
0.195,0.00685574,0.0259837,0.191399,0.762869
0.196,0.00715735,0.0268899,0.195263,0.768643
0.197,0.00746853,0.0278165,0.199155,0.774363
0.198,0.00778945,0.0287636,0.203072,0.780029
0.199,0.00812027,0.0297313,0.207016,0.785641
0.2,0.00846114,0.0307197,0.210984,0.791197
0.201,0.00881223,0.0317289,0.214976,0.796699
0.202,0.0091737,0.032759,0.218993,0.802147
0.203,0.00954569,0.0338102,0.223032,0.80754
0.204,0.00992837,0.0348824,0.227094,0.812879
0.205,0.0103219,0.0359759,0.231177,0.818163
0.206,0.010732,0.0371095,0.235394,0.823719
0.207,0.0111484,0.0382476,0.239526,0.828904
0.208,0.0115695,0.0393854,0.243557,0.833695
0.209,0.0120142,0.0405853,0.247841,0.839098
0.21,0.0124649,0.0417879,0.252031,0.84412
0.211,0.0129269,0.0430106,0.256235,0.849083
0.212,0.0134013,0.0442564,0.260461,0.853997
0.213,0.0138871,0.0455224,0.264698,0.858853
0.214,0.0143856,0.0468116,0.268958,0.86366
0.215,0.0148958,0.048121,0.273227,0.868409
0.216,0.0154275,0.0494801,0.277654,0.873467
0.217,0.0159637,0.0508355,0.281961,0.878119
0.218,0.0165125,0.0522127,0.286282,0.882718
0.219,0.0170741,0.0536116,0.290616,0.887264
0.22,0.0176487,0.0550324,0.294963,0.891759
0.221,0.0182363,0.056475,0.299322,0.896202
0.222,0.0188371,0.0579393,0.303692,0.900594
0.223,0.0194512,0.0594255,0.308073,0.904934
0.224,0.0200787,0.0609333,0.312465,0.909223
0.225,0.0207313,0.0624973,0.317028,0.913843
0.226,0.0213872,0.0640515,0.321448,0.918039
0.227,0.0220433,0.0655889,0.325703,0.921793
0.228,0.0227384,0.0672208,0.3303,0.92627
0.229,0.0234357,0.0688399,0.334744,0.930316
0.23,0.0241461,0.0704784,0.339189,0.934308
0.231,0.024886,0.0721812,0.343826,0.938653
0.232,0.0256261,0.0738658,0.348292,0.942555
0.233,0.0263653,0.0755289,0.352579,0.946007
0.234,0.0271326,0.0772528,0.357048,0.949805
0.235,0.0279318,0.0790453,0.361717,0.953968
0.236,0.0287466,0.0808613,0.366396,0.958088
0.237,0.0295608,0.0826555,0.370894,0.96176
0.238,0.0303705,0.0844196,0.375189,0.964965
0.239,0.0312125,0.0862521,0.379684,0.968536
0.24,0.0320885,0.0881566,0.384386,0.972481
0.241,0.0329619,0.0900344,0.388893,0.975968
0.242,0.0338492,0.0919301,0.393396,0.979404
0.243,0.0347737,0.0939041,0.39812,0.983227
0.244,0.0356713,0.0957882,0.402414,0.986153
0.245,0.0366037,0.097745,0.406917,0.989457
0.246,0.0375756,0.0997839,0.411649,0.993154
0.247,0.0385405,0.101785,0.41616,0.996377
0.248,0.0395206,0.103806,0.420669,0.999558
0.249,0.0405411,0.10591,0.425409,1.00313
0.25,0.0415541,0.107975,0.429923,1.00624
0.251,0.0425811,0.110056,0.434428,1.00929
0.252,0.0436251,0.11216,0.438936,1.01231
0.253,0.044683,0.11428,0.443434,1.01528
0.254,0.045758,0.116423,0.447934,1.01822
0.255,0.046847,0.118581,0.452423,1.02111
0.256,0.0479833,0.120835,0.457171,1.02442
0.257,0.0491058,0.123035,0.46166,1.02724
0.258,0.0502758,0.125331,0.466406,1.03047
0.259,0.0514321,0.127574,0.470894,1.03322
0.26,0.0525688,0.12975,0.4751,1.03546
0.261,0.0537883,0.132106,0.479837,1.03859
0.262,0.0549916,0.134403,0.484305,1.04122
0.263,0.0562089,0.136714,0.488759,1.04381
0.264,0.0574807,0.139133,0.493495,1.04683
0.265,0.0587321,0.141484,0.497943,1.04935
0.266,0.0599991,0.143853,0.502383,1.05184
0.267,0.0612818,0.146239,0.506815,1.05428
0.268,0.0626211,0.148736,0.511533,1.05717
0.269,0.0639381,0.151161,0.515957,1.05956
0.27,0.0652688,0.153598,0.520365,1.0619
0.271,0.0666172,0.156056,0.524769,1.06421
0.272,0.0679791,0.158527,0.529157,1.06649
0.273,0.0694047,0.161121,0.533853,1.06922
0.274,0.070801,0.163629,0.53823,1.07143
0.275,0.0722128,0.166153,0.542596,1.07361
0.276,0.0736895,0.168802,0.547273,1.07625
0.277,0.0751357,0.171363,0.551626,1.07836
0.278,0.0765952,0.173935,0.555961,1.08045
0.279,0.0781252,0.176642,0.560624,1.083
0.28,0.079619,0.17925,0.564945,1.08502
0.281,0.0811282,0.181872,0.569254,1.08701
0.282,0.0826528,0.184509,0.57355,1.08897
0.283,0.0841927,0.187161,0.577833,1.0909
0.284,0.0858067,0.189952,0.582452,1.09331
0.285,0.0873808,0.192638,0.58672,1.09519
0.286,0.0889676,0.195333,0.590966,1.09703
0.287,0.0906347,0.198178,0.595566,1.09935
0.288,0.0922556,0.200907,0.599795,1.10114
0.289,0.0938915,0.203648,0.60401,1.1029
0.29,0.095609,0.206542,0.608581,1.10515
0.291,0.0972789,0.209316,0.612777,1.10685
0.292,0.098961,0.212098,0.616952,1.10853
0.293,0.100731,0.215043,0.621499,1.1107
0.294,0.102447,0.217856,0.625654,1.11233
0.295,0.104178,0.220681,0.629794,1.11393
0.296,0.105923,0.223519,0.633919,1.1155
0.297,0.107759,0.226523,0.638421,1.11757
0.298,0.109538,0.22939,0.642525,1.1191
0.299,0.111328,0.232264,0.646606,1.12059
0.3,0.113216,0.235316,0.651081,1.12259
0.301,0.11504,0.238219,0.65514,1.12404
0.302,0.116961,0.241299,0.659593,1.126
0.303,0.118818,0.244231,0.663629,1.1274
0.304,0.120685,0.247167,0.667642,1.12878
0.305,0.12257,0.250119,0.671645,1.13014
0.306,0.124465,0.253076,0.675624,1.13147
0.307,0.126561,0.256407,0.680448,1.13385
0.308,0.128494,0.259397,0.684413,1.13514
0.309,0.130437,0.262393,0.688354,1.1364
0.31,0.132398,0.265402,0.692285,1.13765
0.311,0.134368,0.268415,0.696192,1.13887
0.312,0.136456,0.271635,0.700532,1.14061
0.313,0.138458,0.274673,0.704413,1.14179
0.314,0.140577,0.277918,0.708728,1.14349
0.315,0.142717,0.281181,0.713038,1.14517
0.316,0.144659,0.284051,0.716422,1.14575
0.317,0.146715,0.287124,0.720235,1.14684
0.318,0.149011,0.290628,0.724966,1.14902
0.319,0.151104,0.293732,0.728763,1.15008
0.32,0.153206,0.296838,0.732534,1.15112
0.321,0.155325,0.299957,0.736294,1.15214
0.322,0.157453,0.303077,0.740029,1.15314
0.323,0.159717,0.306431,0.744234,1.15467
0.324,0.161998,0.309798,0.748426,1.15619
0.325,0.164174,0.312955,0.752125,1.15713
0.326,0.166358,0.316111,0.755799,1.15806
0.327,0.168687,0.319514,0.759955,1.15953
0.328,0.170902,0.32269,0.763601,1.16042
0.329,0.173261,0.326113,0.767729,1.16185
0.33,0.175505,0.329309,0.771347,1.16271
0.331,0.177757,0.332505,0.774939,1.16355
0.332,0.180163,0.335961,0.77903,1.16493
0.333,0.182444,0.339175,0.782594,1.16574
0.334,0.184879,0.342649,0.786656,1.16709
0.335,0.18719,0.345882,0.790191,1.16787
0.336,0.189507,0.349113,0.793701,1.16863
0.337,0.191988,0.352617,0.797725,1.16993
0.338,0.194334,0.355866,0.801205,1.17066
0.339,0.196844,0.359387,0.805201,1.17194
0.34,0.199373,0.362925,0.809189,1.1732
0.341,0.201602,0.36592,0.812084,1.17332
0.342,0.204153,0.369464,0.816034,1.17455
0.343,0.206727,0.37303,0.819984,1.17577
0.344,0.209148,0.376314,0.823364,1.17641
0.345,0.211583,0.379607,0.826731,1.17703
0.346,0.214023,0.382896,0.830072,1.17764
0.347,0.216822,0.386782,0.834519,1.17938
0.348,0.219296,0.390095,0.83784,1.17996
0.349,0.221776,0.393404,0.841135,1.18053
0.35,0.224448,0.397024,0.844986,1.18165
0.351,0.226954,0.400346,0.848251,1.1822
0.352,0.229469,0.40367,0.851497,1.18272
0.353,0.23218,0.407308,0.855301,1.18381
0.354,0.23491,0.410961,0.859099,1.18489
0.355,0.237463,0.414302,0.862298,1.18538
0.356,0.240024,0.417643,0.865478,1.18586
0.357,0.242791,0.421312,0.869229,1.1869
0.358,0.245577,0.424994,0.872973,1.18793
0.359,0.248175,0.428351,0.876106,1.18837
0.36,0.250781,0.431708,0.87922,1.1888
0.361,0.253603,0.435405,0.882917,1.18979
0.362,0.256234,0.438772,0.886001,1.1902
0.363,0.25908,0.442479,0.889668,1.19117
0.364,0.261949,0.446206,0.893334,1.19214
0.365,0.264393,0.449227,0.895749,1.19193
0.366,0.267279,0.452952,0.899376,1.19287
0.367,0.270182,0.456691,0.902995,1.1938
0.368,0.272874,0.460073,0.905976,1.19414
0.369,0.275801,0.46382,0.909565,1.19505
0.37,0.278747,0.46758,0.913147,1.19595
0.371,0.281472,0.470972,0.916082,1.19626
0.372,0.284204,0.474363,0.918997,1.19655
0.373,0.287182,0.478132,0.922532,1.19742
0.374,0.289937,0.48153,0.925418,1.1977
0.375,0.292937,0.485306,0.928922,1.19855
0.376,0.295961,0.489101,0.932425,1.19939
0.377,0.298492,0.492107,0.934608,1.19906
0.378,0.301529,0.495898,0.938073,1.19988
0.379,0.304583,0.4997,0.941529,1.20069
0.38,0.30765,0.503507,0.944972,1.2015
0.381,0.310473,0.506918,0.947746,1.20171
0.382,0.313297,0.510319,0.950494,1.20191
0.383,0.316399,0.514139,0.953897,1.20269
0.384,0.319513,0.517963,0.957286,1.20346
0.385,0.322645,0.521799,0.960668,1.20422
0.386,0.325512,0.525212,0.96336,1.20439
0.387,0.328385,0.528623,0.966033,1.20455
0.388,0.331263,0.53203,0.968687,1.2047
0.389,0.334431,0.535869,0.972006,1.20543
0.39,0.337617,0.539719,0.975318,1.20615
0.391,0.340814,0.543573,0.978616,1.20686
0.392,0.343734,0.54699,0.981214,1.20698
0.393,0.346652,0.550396,0.983787,1.20709
0.394,0.349882,0.554258,0.987046,1.20778
0.395,0.353122,0.558124,0.99029,1.20846
0.396,0.35638,0.562,0.993527,1.20913
0.397,0.359338,0.565414,0.996045,1.20921
0.398,0.362301,0.568823,0.998544,1.20928
0.399,0.365584,0.572699,1.00174,1.20994
0.4,0.368565,0.57611,1.00421,1.20999
0.401,0.371865,0.579987,1.00737,1.21063
0.402,0.375189,0.583882,1.01053,1.21126
0.403,0.378187,0.587284,1.01295,1.2113
0.404,0.381528,0.591179,1.01608,1.21192
0.405,0.384543,0.594582,1.01847,1.21194
0.406,0.3879,0.598477,1.02158,1.21254
0.407,0.391274,0.602381,1.02467,1.21314
0.408,0.394312,0.605782,1.02702,1.21314
0.409,0.397354,0.609177,1.02935,1.21314
0.41,0.40075,0.613078,1.0324,1.21372
0.411,0.404162,0.616988,1.03544,1.21429
0.412,0.407583,0.620899,1.03847,1.21485
0.413,0.410659,0.624296,1.04075,1.21482
0.414,0.413731,0.627679,1.043,1.21479
0.415,0.417549,0.632124,1.04674,1.21592
0.416,0.420646,0.635517,1.04897,1.21588
0.417,0.423738,0.638895,1.05118,1.21583
0.418,0.427218,0.642816,1.05414,1.21636
0.419,0.430707,0.646737,1.05708,1.21688
0.42,0.433826,0.650118,1.05925,1.21681
0.421,0.437329,0.654036,1.06217,1.21732
0.422,0.440854,0.657971,1.06508,1.21783
0.423,0.443985,0.661337,1.0672,1.21774
0.424,0.447524,0.665268,1.07009,1.21824
0.425,0.450668,0.668631,1.07218,1.21814
0.426,0.45422,0.672559,1.07504,1.21863
0.427,0.457788,0.676494,1.07789,1.2191
0.428,0.46095,0.67985,1.07994,1.21899
0.429,0.46453,0.683781,1.08276,1.21946
0.43,0.468125,0.687719,1.08558,1.21993
0.431,0.471304,0.691066,1.08759,1.2198
0.432,0.474484,0.694406,1.08959,1.21967
0.433,0.478095,0.698335,1.09236,1.22012
0.434,0.481722,0.702272,1.09512,1.22056
0.435,0.485356,0.706208,1.09788,1.221
0.436,0.489005,0.710151,1.10062,1.22143
0.437,0.492216,0.713479,1.10255,1.22128
0.438,0.495426,0.716799,1.10447,1.22112
0.439,0.49909,0.720731,1.10717,1.22154
0.44,0.502768,0.724671,1.10987,1.22195
0.441,0.506454,0.728609,1.11255,1.22236
0.442,0.50969,0.731921,1.11441,1.22219
0.443,0.512917,0.735216,1.11625,1.222
0.444,0.517096,0.739791,1.11972,1.22299
0.445,0.52082,0.743735,1.12236,1.22338
0.446,0.524072,0.74703,1.12417,1.22318
0.447,0.527324,0.750316,1.12597,1.22298
0.448,0.531061,0.754248,1.12857,1.22336
0.449,0.534812,0.758187,1.13116,1.22374
0.45,0.538076,0.76146,1.13292,1.22353
0.451,0.541836,0.765391,1.13549,1.2239
0.452,0.54561,0.769327,1.13805,1.22426
0.453,0.549391,0.773262,1.1406,1.22462
0.454,0.552676,0.776524,1.14231,1.2244
0.455,0.556464,0.78045,1.14483,1.22475
0.456,0.560275,0.78439,1.14735,1.2251
0.457,0.563562,0.78763,1.14901,1.22486
0.458,0.567381,0.791562,1.15151,1.2252
0.459,0.570676,0.794794,1.15315,1.22495
0.46,0.574502,0.798717,1.15562,1.22529
0.461,0.578341,0.802645,1.15809,1.22562
0.462,0.582186,0.80657,1.16054,1.22594
0.463,0.586045,0.8105,1.16298,1.22626
0.464,0.58936,0.813712,1.16456,1.226
0.465,0.592673,0.816914,1.16612,1.22574
0.466,0.596539,0.820828,1.16853,1.22605
0.467,0.600979,0.825475,1.17179,1.22693
0.468,0.604312,0.828672,1.17332,1.22666
0.469,0.607633,0.83185,1.17483,1.22638
0.47,0.611532,0.835764,1.1772,1.22668
0.471,0.615435,0.839675,1.17956,1.22697
0.472,0.619352,0.843591,1.18191,1.22726
0.473,0.622689,0.846753,1.18338,1.22697
0.474,0.626611,0.850658,1.1857,1.22725
0.475,0.630546,0.854568,1.18802,1.22753
0.476,0.634485,0.858473,1.19033,1.22781
0.477,0.638437,0.862384,1.19263,1.22808
0.478,0.641789,0.865522,1.19404,1.22778
0.479,0.645137,0.868648,1.19543,1.22747
0.48,0.649094,0.87254,1.1977,1.22773
0.481,0.653063,0.876436,1.19996,1.228
0.482,0.657036,0.880327,1.2022,1.22825
0.483,0.661022,0.884224,1.20444,1.22851
0.484,0.664382,0.887324,1.20578,1.22819
0.485,0.668371,0.891208,1.208,1.22843
0.486,0.672373,0.895096,1.21021,1.22868
0.487,0.676377,0.898979,1.21241,1.22892
0.488,0.680395,0.902867,1.2146,1.22916
0.489,0.683766,0.90594,1.21588,1.22883
0.49,0.687133,0.909001,1.21714,1.22849
0.491,0.691152,0.912868,1.2193,1.22872
0.492,0.695845,0.91756,1.22236,1.22952
0.493,0.699226,0.920612,1.22359,1.22918
0.494,0.702594,0.923644,1.22481,1.22883
0.495,0.707313,0.928338,1.22784,1.22962
0.496,0.711374,0.932206,1.22996,1.22983
0.497,0.714755,0.935229,1.23115,1.22948
0.498,0.718818,0.939083,1.23324,1.22969
0.499,0.722202,0.942094,1.23441,1.22933
0.5,0.726265,0.945934,1.23648,1.22954
0.501,0.731048,0.950642,1.23947,1.23031
0.502,0.734436,0.953634,1.24061,1.22995
0.503,0.737818,0.956613,1.24173,1.22958
0.504,0.741905,0.960446,1.24377,1.22977
0.505,0.746004,0.964283,1.24579,1.22997
0.506,0.750104,0.968113,1.24781,1.23016
0.507,0.754216,0.971947,1.24982,1.23035
0.508,0.75833,0.975775,1.25182,1.23053
0.509,0.761723,0.978721,1.25289,1.23015
0.51,0.765836,0.982534,1.25486,1.23033
0.511,0.76997,0.986359,1.25684,1.23051
0.512,0.773351,0.989273,1.25787,1.23012
0.513,0.778234,0.993982,1.26076,1.23086
0.514,0.782382,0.997797,1.26271,1.23103
0.515,0.785773,1.0007,1.26371,1.23064
0.516,0.789158,1.00359,1.2647,1.23024
0.517,0.793302,1.00738,1.26661,1.23041
0.518,0.798228,1.01209,1.26946,1.23113
0.519,0.802397,1.01589,1.27137,1.23128
0.52,0.805788,1.01876,1.27232,1.23088
0.521,0.809173,1.02161,1.27326,1.23048
0.522,0.814124,1.02632,1.27607,1.23119
0.523,0.818313,1.0301,1.27794,1.23134
0.524,0.813737,1.02355,1.26938,1.22539
0.525,0.817788,1.02721,1.27119,1.22554
0.526,0.829982,1.0404,1.28252,1.23123
0.527,0.834179,1.04417,1.28435,1.23137
0.528,0.838376,1.04792,1.28617,1.23151
0.529,0.842583,1.05169,1.28799,1.23164
0.53,0.845968,1.05448,1.28884,1.23122
0.531,0.850172,1.05822,1.29064,1.23136
0.532,0.854385,1.06197,1.29243,1.23149
0.533,0.858598,1.06571,1.29421,1.23161
0.534,0.862822,1.06945,1.29598,1.23174
0.535,0.867045,1.07318,1.29774,1.23186
0.536,0.87043,1.07594,1.29854,1.23143
0.537,0.874649,1.07965,1.30028,1.23155
0.538,0.879744,1.08437,1.30299,1.23221
0.539,0.883125,1.0871,1.30375,1.23178
0.54,0.886498,1.08981,1.30451,1.23135
0.541,0.890731,1.09352,1.30622,1.23146
0.542,0.895847,1.09822,1.30889,1.23211
0.543,0.900102,1.10193,1.31059,1.23222
0.544,0.903475,1.10462,1.31131,1.23178
0.545,0.907725,1.1083,1.31299,1.23188
0.546,0.911984,1.11199,1.31466,1.23198
0.547,0.915348,1.11466,1.31535,1.23154
0.548,0.919601,1.11833,1.31701,1.23163
0.549,0.924767,1.12302,1.31963,1.23227
0.55,0.929042,1.1267,1.32127,1.23236
0.551,0.932403,1.12933,1.32192,1.23191
0.552,0.936672,1.13299,1.32355,1.232
0.553,0.940949,1.13665,1.32516,1.23208
0.554,0.945224,1.1403,1.32677,1.23217
0.555,0.949509,1.14395,1.32837,1.23225
0.556,0.952857,1.14654,1.32898,1.23179
0.557,0.957134,1.15017,1.33056,1.23187
0.558,0.962363,1.15486,1.33311,1.23248
0.559,0.965713,1.15743,1.3337,1.23202
0.56,0.969995,1.16105,1.33526,1.2321
0.561,0.974295,1.16467,1.33681,1.23217
0.562,0.977622,1.16721,1.33737,1.2317
0.563,0.982879,1.17188,1.33988,1.2323
0.564,0.987183,1.17549,1.34141,1.23237
0.565,0.991484,1.17909,1.34293,1.23243
0.566,0.995793,1.18269,1.34444,1.23249
0.567,0.999118,1.18519,1.34496,1.23202
0.568,1.00342,1.18877,1.34645,1.23208
0.569,1.00773,1.19234,1.34794,1.23214
0.57,1.01203,1.19591,1.34942,1.23219
0.571,1.01635,1.19948,1.35089,1.23224
0.572,1.02066,1.20304,1.35235,1.23229
0.573,1.02497,1.2066,1.35381,1.23234
0.574,1.02929,1.21015,1.35526,1.23239
0.575,1.03361,1.2137,1.3567,1.23243
0.576,1.03691,1.21612,1.35714,1.23195
0.577,1.04122,1.21965,1.35856,1.23199
0.578,1.04657,1.2243,1.36097,1.23256
0.579,1.0509,1.22783,1.36239,1.2326
0.58,1.05419,1.23023,1.36279,1.23211
0.581,1.0585,1.23373,1.36419,1.23214
0.582,1.06283,1.23724,1.36557,1.23218
0.583,1.06715,1.24074,1.36695,1.23221
0.584,1.07148,1.24424,1.36832,1.23224
0.585,1.07581,1.24773,1.36969,1.23226
0.586,1.08014,1.25121,1.37104,1.23229
0.587,1.08446,1.25469,1.37239,1.23231
0.588,1.0888,1.25817,1.37373,1.23234
0.589,1.09313,1.26163,1.37507,1.23236
0.59,1.09746,1.2651,1.37639,1.23237
0.591,1.10071,1.26739,1.37671,1.23188
0.592,1.10612,1.272,1.37902,1.23241
0.593,1.11047,1.27545,1.38033,1.23242
0.594,1.1137,1.27771,1.38062,1.23192
0.595,1.11913,1.28232,1.38291,1.23244
0.596,1.12347,1.28575,1.38419,1.23245
0.597,1.1267,1.28799,1.38446,1.23194
0.598,1.13102,1.2914,1.38573,1.23195
0.599,1.13648,1.29599,1.38799,1.23246
0.6,1.14082,1.29939,1.38924,1.23246
0.601,1.14403,1.3016,1.38948,1.23195
0.602,1.14835,1.30498,1.39071,1.23195
0.603,1.15382,1.30956,1.39295,1.23246
0.604,1.15817,1.31294,1.39417,1.23245
0.605,1.16136,1.31511,1.39438,1.23194
0.606,1.16569,1.31847,1.39558,1.23193
0.607,1.17117,1.32303,1.39779,1.23242
0.608,1.17551,1.32639,1.39898,1.23241
0.609,1.17869,1.32852,1.39916,1.23189
0.61,1.18301,1.33185,1.40034,1.23188
0.611,1.18734,1.33518,1.40151,1.23186
0.612,1.19284,1.33973,1.40367,1.23235
0.613,1.19719,1.34305,1.40483,1.23232
0.614,1.20033,1.34513,1.40497,1.2318
0.615,1.20584,1.34967,1.40712,1.23228
0.616,1.21018,1.35297,1.40825,1.23225
0.617,1.21331,1.35502,1.40837,1.23173
0.618,1.21763,1.3583,1.40949,1.2317
0.619,1.22316,1.36282,1.4116,1.23216
0.62,1.22749,1.36609,1.41271,1.23213
0.621,1.23181,1.36936,1.4138,1.2321
0.622,1.23614,1.37262,1.41489,1.23206
0.623,1.24046,1.37586,1.41597,1.23202
0.624,1.24478,1.37911,1.41705,1.23198
0.625,1.2491,1.38234,1.41812,1.23194
0.626,1.25342,1.38557,1.41918,1.2319
0.627,1.25774,1.38879,1.42023,1.23186
0.628,1.26205,1.39201,1.42127,1.23181
0.629,1.26636,1.39521,1.42231,1.23176
0.63,1.27067,1.39841,1.42334,1.23171
0.631,1.27498,1.4016,1.42436,1.23166
0.632,1.28054,1.40606,1.42639,1.2321
0.633,1.28486,1.40924,1.4274,1.23204
0.634,1.2879,1.41113,1.42739,1.2315
0.635,1.29346,1.41557,1.42939,1.23193
0.636,1.29777,1.41873,1.43038,1.23187
0.637,1.30206,1.42187,1.43136,1.23181
0.638,1.30637,1.42502,1.43233,1.23175
0.639,1.31066,1.42814,1.4333,1.23168
0.64,1.31625,1.43257,1.43526,1.2321
0.641,1.31925,1.43439,1.43521,1.23155
0.642,1.32353,1.43749,1.43615,1.23148
0.643,1.32911,1.4419,1.43809,1.23189
0.644,1.3334,1.445,1.43902,1.23181
0.645,1.33638,1.44677,1.43894,1.23126
0.646,1.34196,1.45115,1.44086,1.23166
0.647,1.34624,1.45423,1.44177,1.23158
0.648,1.3505,1.45728,1.44266,1.2315
0.649,1.35611,1.46166,1.44457,1.2319
0.65,1.35905,1.46339,1.44444,1.23134
0.651,1.3633,1.46642,1.44532,1.23126
0.652,1.3689,1.47077,1.4472,1.23164
0.653,1.37316,1.4738,1.44806,1.23155
0.654,1.37741,1.47681,1.44892,1.23146
0.655,1.38167,1.47981,1.44977,1.23137
0.656,1.38591,1.4828,1.45061,1.23128
0.657,1.39151,1.48713,1.45245,1.23165
0.658,1.39576,1.49011,1.45328,1.23155
0.659,1.4,1.49308,1.45409,1.23145
0.66,1.40424,1.49604,1.45491,1.23135
0.661,1.40846,1.49899,1.45571,1.23125
0.662,1.41407,1.50329,1.45751,1.23161
0.663,1.4183,1.50623,1.45831,1.23151
0.664,1.42113,1.5078,1.45808,1.23093
0.665,1.42673,1.51207,1.45986,1.23129
0.666,1.43234,1.51634,1.46164,1.23164
0.667,1.42261,1.50568,1.45238,1.22692
0.668,1.42948,1.51121,1.45513,1.22774
0.669,1.4491,1.52907,1.46691,1.23268
0.67,1.45332,1.53195,1.46764,1.23256
0.671,1.45894,1.5362,1.46937,1.23289
0.672,1.46175,1.5377,1.4691,1.23231
0.673,1.46452,1.53918,1.46881,1.23172
0.674,1.46871,1.54203,1.46952,1.2316
0.675,1.47289,1.54486,1.47022,1.23147
0.676,1.47707,1.54768,1.47091,1.23134
0.677,1.4798,1.54912,1.4706,1.23075
0.678,1.48395,1.55191,1.47128,1.23062
0.679,1.4881,1.5547,1.47196,1.23049
0.68,1.49079,1.55609,1.47162,1.2299
0.681,1.49491,1.55885,1.47228,1.22977
0.682,1.49903,1.5616,1.47294,1.22963
0.683,1.50169,1.56296,1.47259,1.22905
0.684,1.52179,1.58095,1.48417,1.23383
0.685,1.53041,1.58793,1.48779,1.23502
0.686,1.52137,1.57812,1.47944,1.23084
0.687,1.52548,1.58083,1.48005,1.23069
0.688,1.53105,1.58493,1.48165,1.23098
0.689,1.53516,1.58762,1.48225,1.23083
0.69,1.53924,1.5903,1.48284,1.23068
0.691,1.54481,1.59437,1.48441,1.23096
0.692,1.5489,1.59704,1.48499,1.2308
0.693,1.55297,1.59969,1.48555,1.23064
0.694,1.55853,1.60374,1.4871,1.23092
0.695,1.5626,1.60637,1.48766,1.23075
0.696,1.56665,1.60899,1.4882,1.23058
0.697,1.5722,1.61301,1.48972,1.23085
0.698,1.57624,1.61561,1.49025,1.23068
0.699,1.58028,1.6182,1.49077,1.23051
0.7,1.58431,1.62078,1.49129,1.23033
0.701,1.58983,1.62475,1.49278,1.23059
0.702,1.59537,1.62873,1.49426,1.23085
0.703,1.59938,1.63128,1.49475,1.23067
0.704,1.60339,1.63382,1.49523,1.23048
0.705,1.60737,1.63633,1.49571,1.2303
0.706,1.61289,1.64027,1.49716,1.23054
0.707,1.61687,1.64277,1.49762,1.23035
0.708,1.62083,1.64526,1.49807,1.23016
0.709,1.62633,1.64917,1.49949,1.2304
0.71,1.63183,1.65306,1.50091,1.23063
0.711,1.63579,1.65552,1.50133,1.23043
0.712,1.63972,1.65796,1.50175,1.23023
0.713,1.6452,1.66183,1.50314,1.23046
0.714,1.64913,1.66425,1.50354,1.23025
0.715,1.65304,1.66666,1.50394,1.23005
0.716,1.6585,1.67049,1.5053,1.23026
0.717,1.66397,1.67432,1.50666,1.23048
0.718,1.66786,1.67669,1.50703,1.23026
0.719,1.67174,1.67905,1.50739,1.23005
0.72,1.67718,1.68284,1.50872,1.23025
0.721,1.68104,1.68518,1.50907,1.23004
0.722,1.68489,1.6875,1.5094,1.22982
0.723,1.69031,1.69126,1.51071,1.23001
0.724,1.69573,1.695,1.512,1.2302
0.725,1.69956,1.69729,1.51231,1.22998
0.726,1.70337,1.69956,1.51262,1.22975
0.727,1.70876,1.70328,1.51388,1.22993
0.728,1.71416,1.70698,1.51514,1.23011
0.729,1.71794,1.70921,1.51542,1.22987
0.73,1.72171,1.71143,1.51569,1.22964
0.731,1.72708,1.7151,1.51692,1.22981
0.732,1.73244,1.71875,1.51814,1.22997
0.733,1.73619,1.72093,1.51838,1.22973
0.734,1.74153,1.72456,1.51958,1.22989
0.735,1.74687,1.72818,1.52077,1.23005
0.736,1.74896,1.72886,1.52004,1.22939
0.737,1.75427,1.73245,1.52121,1.22954
0.738,1.75959,1.73603,1.52237,1.22969
0.739,1.76326,1.73813,1.52257,1.22943
0.74,1.76855,1.74168,1.52371,1.22957
0.741,1.77384,1.74521,1.52484,1.22971
0.742,1.77748,1.74728,1.52501,1.22945
0.743,1.78111,1.74932,1.52517,1.22918
0.744,1.78636,1.75282,1.52628,1.22931
0.745,1.79161,1.7563,1.52737,1.22944
0.746,1.79685,1.75977,1.52846,1.22956
0.747,1.80043,1.76176,1.52858,1.22928
0.748,1.80399,1.76373,1.5287,1.229
0.749,1.80919,1.76716,1.52976,1.22912
0.75,1.81439,1.77057,1.5308,1.22923
0.751,1.81957,1.77397,1.53184,1.22933
0.752,1.84135,1.79205,1.54226,1.23334
0.753,1.84664,1.79549,1.54327,1.23342
0.754,1.83345,1.78263,1.53391,1.22922
0.755,1.83859,1.78596,1.5349,1.22931
0.756,1.84373,1.78929,1.53588,1.2294
0.757,1.84884,1.7926,1.53685,1.22948
0.758,1.85396,1.7959,1.53781,1.22956
0.759,1.85738,1.79771,1.53783,1.22925
0.76,1.86246,1.80097,1.53877,1.22932
0.761,1.86753,1.80422,1.53969,1.22939
0.762,1.87259,1.80746,1.54061,1.22946
0.763,1.87764,1.81067,1.54151,1.22952
0.764,1.88099,1.8124,1.54148,1.2292
0.765,1.886,1.81558,1.54236,1.22925
0.766,1.89102,1.81876,1.54324,1.2293
0.767,1.89431,1.82043,1.54318,1.22897
0.768,1.89929,1.82356,1.54403,1.22902
0.769,1.90595,1.82816,1.54579,1.22944
0.77,1.91091,1.83127,1.54662,1.22947
0.771,1.91414,1.83287,1.54652,1.22913
0.772,1.91906,1.83594,1.54732,1.22916
0.773,1.92226,1.83751,1.5472,1.22881
0.774,1.92714,1.84054,1.54799,1.22883
0.775,1.93373,1.84504,1.54967,1.22922
0.776,1.93859,1.84803,1.55043,1.22923
0.777,1.94173,1.84954,1.55027,1.22887
0.778,1.94654,1.85249,1.55101,1.22888
0.779,1.95308,1.85691,1.55264,1.22925
0.78,1.95615,1.85836,1.55245,1.22888
0.781,1.96092,1.86126,1.55315,1.22887
0.782,1.96741,1.86563,1.55474,1.22923
0.783,1.97043,1.86702,1.55451,1.22885
0.784,1.97515,1.86986,1.55518,1.22883
0.785,1.97986,1.87269,1.55583,1.22881
0.786,1.98454,1.8755,1.55647,1.22878
0.787,1.98922,1.87829,1.5571,1.22875
0.788,1.99386,1.88105,1.55772,1.22872
0.789,2.00023,1.88528,1.55922,1.22904
0.79,2.00311,1.88653,1.55891,1.22864
0.791,2.0077,1.88923,1.55949,1.22859
0.792,2.01401,1.8934,1.56095,1.22889
0.793,2.01857,1.89606,1.5615,1.22884
0.794,2.0231,1.89871,1.56204,1.22877
0.795,2.02761,1.90133,1.56256,1.22871
0.796,2.0321,1.90393,1.56308,1.22864
0.797,2.03657,1.90651,1.56358,1.22857
0.798,2.04102,1.90906,1.56406,1.22849
0.799,2.04544,1.9116,1.56454,1.22841
0.8,2.05159,1.91558,1.56588,1.22867
0.801,2.05598,1.91807,1.56632,1.22858
0.802,2.06033,1.92053,1.56676,1.22848
0.803,2.06642,1.92445,1.56805,1.22873
0.804,2.07073,1.92687,1.56845,1.22862
0.805,2.07502,1.92926,1.56884,1.22851
0.806,2.07928,1.93163,1.56922,1.22839
0.807,2.08352,1.93398,1.56958,1.22828
0.808,2.08948,1.93777,1.5708,1.22849
0.809,2.09368,1.94007,1.57113,1.22836
0.81,2.09783,1.94234,1.57145,1.22823
0.811,2.10373,1.94606,1.57262,1.22843
0.812,2.10784,1.94828,1.57291,1.22828
0.813,2.11192,1.95048,1.57319,1.22814
0.814,2.11773,1.95411,1.5743,1.22832
0.815,2.12353,1.95772,1.5754,1.22849
0.816,2.12753,1.95984,1.57563,1.22833
0.817,2.1315,1.96193,1.57585,1.22816
0.818,2.13544,1.964,1.57605,1.22799
0.819,2.14112,1.96749,1.57708,1.22814
0.82,2.14677,1.97096,1.57809,1.22828
0.821,2.15062,1.97294,1.57825,1.22809
0.822,2.15621,1.97635,1.57922,1.22822
0.823,2.16177,1.97973,1.58018,1.22835
0.824,2.16553,1.98163,1.58029,1.22814
0.825,2.16926,1.98349,1.58038,1.22793
0.826,2.17472,1.98678,1.58129,1.22804
0.827,2.18016,1.99004,1.58217,1.22814
0.828,2.18379,1.99182,1.58221,1.22791
0.829,2.18915,1.99501,1.58306,1.228
0.83,2.19273,1.99674,1.58307,1.22776
0.831,2.19801,1.99986,1.58388,1.22783
0.832,2.20504,2.0044,1.5855,1.22821
0.833,2.2085,2.00603,1.58545,1.22796
0.834,2.21193,2.00762,1.58539,1.22769
0.835,2.21708,2.01061,1.58613,1.22774
0.836,2.2222,2.01358,1.58685,1.22778
0.837,2.22727,2.0165,1.58754,1.22781
0.838,2.23231,2.0194,1.58822,1.22784
0.839,2.23555,2.02083,1.58806,1.22754
0.84,2.24051,2.02365,1.5887,1.22756
0.841,2.24719,2.02786,1.59012,1.22787
0.842,2.25207,2.03061,1.59071,1.22786
0.843,2.25515,2.03189,1.59048,1.22754
0.844,2.25994,2.03456,1.59103,1.22752
0.845,2.26646,2.03862,1.59236,1.2278
0.846,2.26942,2.0398,1.59207,1.22746
0.847,2.27407,2.04235,1.59256,1.22742
0.848,2.28046,2.04629,1.59381,1.22767
0.849,2.28327,2.04735,1.59347,1.22732
0.85,2.28955,2.0512,1.59467,1.22755
0.851,2.29405,2.0536,1.59507,1.22747
0.852,2.29847,2.05595,1.59544,1.22739
0.853,2.30287,2.05827,1.5958,1.2273
0.854,2.30719,2.06053,1.59612,1.22721
0.855,2.31324,2.06417,1.5972,1.22739
0.856,2.31747,2.06635,1.59748,1.22728
0.857,2.32166,2.06849,1.59774,1.22716
0.858,2.34496,2.08586,1.60637,1.23019
0.859,2.35087,2.08932,1.60732,1.23032
0.86,2.33736,2.07736,1.59984,1.22729
0.861,2.34307,2.0807,1.60075,1.22742
0.862,2.34873,2.08399,1.60164,1.22753
0.863,2.35432,2.08722,1.60249,1.22764
0.864,2.35812,2.08903,1.60256,1.22745
0.865,2.36185,2.09078,1.60261,1.22726
0.866,2.36726,2.09386,1.60338,1.22733
0.867,2.37261,2.09689,1.60412,1.2274
0.868,2.3779,2.09986,1.60483,1.22745
0.869,2.38139,2.10141,1.60476,1.22722
0.87,2.38654,2.10427,1.60541,1.22725
0.871,2.39336,2.10844,1.60677,1.22754
0.872,2.39666,2.10982,1.60662,1.22728
0.873,2.4016,2.11251,1.60717,1.22728
0.874,2.40649,2.11514,1.6077,1.22727
0.875,2.41129,2.1177,1.60818,1.22724
0.876,2.41603,2.12022,1.60864,1.22721
0.877,2.42068,2.12266,1.60907,1.22716
0.878,2.42699,2.12639,1.61018,1.22737
0.879,2.42979,2.12737,1.60982,1.22703
0.88,2.43421,2.12963,1.61014,1.22695
0.881,2.44197,2.13448,1.61185,1.22738
0.882,2.44608,2.13647,1.61203,1.22724
0.883,2.4494,2.13786,1.61189,1.22699
0.884,2.45504,2.14104,1.61271,1.22709
0.885,2.4599,2.14362,1.6132,1.22708
0.886,2.46484,2.14625,1.61373,1.22707
0.887,2.46986,2.14895,1.61428,1.22708
0.888,2.47462,2.15143,1.61473,1.22704
0.889,2.47946,2.15397,1.6152,1.22702
0.89,2.48436,2.15656,1.6157,1.22701
0.891,2.48917,2.15908,1.61616,1.22698
0.892,2.49404,2.16164,1.61665,1.22697
0.893,2.49898,2.16424,1.61716,1.22696
0.894,2.50382,2.16677,1.61762,1.22694
0.895,2.50871,2.16933,1.61811,1.22692
0.896,2.51366,2.17194,1.61862,1.22692
0.897,2.5185,2.17445,1.61908,1.22689
0.898,2.52339,2.17701,1.61956,1.22688
0.899,2.52832,2.17959,1.62006,1.22687
0.9,2.5333,2.18221,1.62057,1.22687
0.901,2.53816,2.18473,1.62103,1.22685
0.902,2.5429,2.18715,1.62145,1.22681
0.903,2.54783,2.18971,1.62194,1.2268
0.904,2.5528,2.1923,1.62244,1.22679
0.905,2.55763,2.19479,1.62288,1.22677
0.906,2.56248,2.19729,1.62333,1.22674
0.907,2.56736,2.1998,1.62379,1.22673
0.908,2.57226,2.20232,1.62426,1.22671
0.909,2.57717,2.20485,1.62473,1.2267
0.91,2.58193,2.20727,1.62514,1.22666
0.911,2.58685,2.2098,1.62561,1.22665
0.912,2.59178,2.21233,1.62608,1.22664
0.913,2.5967,2.21486,1.62654,1.22662
0.914,2.60161,2.21738,1.62701,1.22661
0.915,2.60636,2.21976,1.6274,1.22657
0.916,2.61124,2.22225,1.62785,1.22655
0.917,2.6161,2.22471,1.62828,1.22653
0.918,2.62093,2.22716,1.62871,1.2265
0.919,2.62589,2.22969,1.62918,1.22649
0.92,2.63065,2.23207,1.62957,1.22646
0.921,2.63551,2.23453,1.63,1.22644
0.922,2.64033,2.23695,1.63042,1.22641
0.923,2.64509,2.23932,1.63081,1.22637
0.924,2.64995,2.24176,1.63123,1.22635
0.925,2.65457,2.24402,1.63157,1.22629
0.926,2.65943,2.24646,1.63199,1.22627
0.927,2.66435,2.24894,1.63243,1.22626
0.928,2.66903,2.25123,1.63278,1.22621
0.929,2.67361,2.25345,1.6331,1.22615
0.93,2.67823,2.2557,1.63343,1.22609
0.931,2.68304,2.25808,1.63382,1.22606
0.932,2.70364,2.27223,1.64012,1.22814
0.933,2.71006,2.27578,1.64108,1.2283
0.934,2.70056,2.2675,1.63613,1.22637
0.935,2.7055,2.26996,1.63657,1.22636
0.936,2.71055,2.27251,1.63704,1.22636
0.937,2.71556,2.27502,1.6375,1.22635
0.938,2.72052,2.2775,1.63794,1.22634
0.939,2.72528,2.27981,1.6383,1.2263
0.94,2.73025,2.28228,1.63874,1.22629
0.941,2.7354,2.28488,1.63925,1.2263
0.942,2.7403,2.2873,1.63966,1.22628
0.943,2.74508,2.28962,1.64002,1.22625
0.944,2.75014,2.29214,1.64049,1.22625
0.945,2.75517,2.29465,1.64094,1.22624
0.946,2.76016,2.29711,1.64138,1.22623
0.947,2.76509,2.29953,1.64179,1.22622
0.948,2.76994,2.30189,1.64217,1.22619
0.949,2.77495,2.30436,1.64261,1.22618
0.95,2.77996,2.30683,1.64305,1.22618
0.951,2.78482,2.30919,1.64343,1.22615
0.952,2.78976,2.3116,1.64384,1.22613
0.953,2.79488,2.31413,1.64431,1.22614
0.954,2.79975,2.31649,1.64469,1.22611
0.955,2.80461,2.31883,1.64507,1.22608
0.956,2.80966,2.32131,1.64551,1.22608
0.957,2.8145,2.32364,1.64588,1.22605
0.958,2.81945,2.32604,1.64629,1.22604
0.959,2.82436,2.3284,1.64667,1.22601
0.96,2.82916,2.33068,1.64702,1.22598
0.961,2.83417,2.33312,1.64744,1.22597
0.962,2.83897,2.3354,1.64779,1.22594
0.963,2.84363,2.33757,1.64809,1.22589
0.964,2.84832,2.33977,1.64839,1.22584
0.965,2.85309,2.34201,1.64872,1.2258
0.966,2.85773,2.34417,1.64901,1.22575
0.967,2.86229,2.34626,1.64927,1.22568
0.968,2.86668,2.34822,1.64946,1.2256
0.969,2.88182,2.35794,1.65339,1.22681
0.97,2.88853,2.36155,1.65437,1.227
0.971,2.88464,2.35754,1.65169,1.22592
0.972,2.88975,2.36002,1.65213,1.22592
0.973,2.89479,2.36243,1.65255,1.22591
0.974,2.89968,2.36474,1.65291,1.22589
0.975,2.90464,2.36709,1.65329,1.22587
0.976,2.90975,2.36955,1.65372,1.22587
0.977,2.91475,2.37192,1.65412,1.22586
0.978,2.91966,2.37423,1.65448,1.22583
0.979,2.92463,2.37658,1.65486,1.22582
0.98,2.92949,2.37884,1.6552,1.22579
0.981,2.93434,2.3811,1.65554,1.22576
0.982,2.93923,2.38338,1.65589,1.22573
0.983,2.94385,2.38547,1.65614,1.22567
0.984,2.9482,2.38736,1.65631,1.22559
0.985,2.95233,2.38909,1.6564,1.22547
0.986,2.95592,2.39044,1.65631,1.2253
0.987,2.9693,2.39875,1.65951,1.22625
0.988,2.9768,2.40285,1.66071,1.22652
0.989,2.97492,2.40031,1.65878,1.22571
0.99,2.97989,2.40262,1.65915,1.2257
0.991,2.98479,2.40489,1.65949,1.22567
0.992,2.98928,2.40686,1.6597,1.2256
0.993,2.99286,2.40818,1.6596,1.22542
0.994,3.00117,2.41284,1.66106,1.22578
0.995,3.00782,2.41632,1.66197,1.22595
0.996,3.00967,2.41642,1.6613,1.22558
0.997,3.01536,2.41922,1.6619,1.22565
0.998,3.0196,2.421,1.66201,1.22555
0.999,3.02537,2.42384,1.66263,1.22562
1,2.02182,1.71774,1.33366,1.11354
1.001,1.00611,1.00429,1.002,1.00068
1.002,1,1,1,1
1.003,1,1,1,1
1.004,1,1,1,1
1.005,1,1,1,1
1.006,1,1,1,1
1.007,1,1,1,1
1.008,1,1,1,1
1.009,1,1,1,1
1.01,1,1,1,1
1.011,1,1,1,1
1.012,1,1,1,1
1.013,1,1,1,1
1.014,1,1,1,1
1.015,1,1,1,1
1.016,1,1,1,1
1.017,1,1,1,1
1.018,1,1,1,1
1.019,1,1,1,1
1.02,1,1,1,1
1.021,1,1,1,1
1.022,1,1,1,1
1.023,1,1,1,1
1.024,1,1,1,1
1.025,1,1,1,1
1.026,1,1,1,1
1.027,1,1,1,1
1.028,1,1,1,1
1.029,1,1,1,1
1.03,1,1,1,1
1.031,1,1,1,1
1.032,1,1,1,1
1.033,1,1,1,1
1.034,1,1,1,1
1.035,1,1,1,1
1.036,1,1,1,1
1.037,1,1,1,1
1.038,1,1,1,1
1.039,1,1,1,1
1.04,1,1,1,1
1.041,1,1,1,1
1.042,1,1,1,1
1.043,1,1,1,1
1.044,1,1,1,1
1.045,1,1,1,1
1.046,1,1,1,1
1.047,1,1,1,1
1.048,1,1,1,1
1.049,1,1,1,1
1.05,1,1,1,1
1.051,1,1,1,1
1.052,1,1,1,1
1.053,1,1,1,1
1.054,1,1,1,1
1.055,1,1,1,1
1.056,1,1,1,1
1.057,1,1,1,1
1.058,1,1,1,1
1.059,1,1,1,1
1.06,1,1,1,1
1.061,1,1,1,1
1.062,1,1,1,1
1.063,1,1,1,1
1.064,1,1,1,1
1.065,1,1,1,1
1.066,1,1,1,1
1.067,1,1,1,1
1.068,1,1,1,1
1.069,1,1,1,1
1.07,1,1,1,1
1.071,1,1,1,1
1.072,1,1,1,1
1.073,1,1,1,1
1.074,1,1,1,1
1.075,1,1,1,1
1.076,1,1,1,1
1.077,1,1,1,1
1.078,1,1,1,1
1.079,1,1,1,1
1.08,1,1,1,1
1.081,1,1,1,1
1.082,1,1,1,1
1.083,1,1,1,1
1.084,1,1,1,1
1.085,1,1,1,1
1.086,1,1,1,1
1.087,1,1,1,1
1.088,1,1,1,1
1.089,1,1,1,1
1.09,1,1,1,1
1.091,1,1,1,1
1.092,1,1,1,1
1.093,1,1,1,1
1.094,1,1,1,1
1.095,1,1,1,1
1.096,1,1,1,1
1.097,1,1,1,1
1.098,1,1,1,1
1.099,1,1,1,1
1.1,1,1,1,1
1.101,0.999999,0.999999,1,1
1.102,0.999999,1,1,1
1.103,1,1,1,1
1.104,1,1,1,1
1.105,1,1,1,1
1.106,1,1,1,1
1.107,1,1,1,1
1.108,1,1,1,1
1.109,1,1,1,1
1.11,1,1,1,1
1.111,1,1,1,1
1.112,1,1,1,1
1.113,1,1,1,1
1.114,1,1,1,1
1.115,1,1,1,1
1.116,1,1,1,1
1.117,1,1,1,1
1.118,1,1,1,1
1.119,1,1,1,1
1.12,1,1,1,1
1.121,1,1,1,1
1.122,1,1,1,1
1.123,1,1,1,1
1.124,1,1,1,1
1.125,1,1,1,1
1.126,1,1,1,1
1.127,1,1,1,1
1.128,1,1,1,1
1.129,1,1,1,1
1.13,1,1,1,1
1.131,1,1,1,1
1.132,1,1,1,1
1.133,1,1,1,1
1.134,1,1,1,1
1.135,1,1,1,1
1.136,1,1,1,1
1.137,1,1,1,1
1.138,1,1,1,1
1.139,1,1,1,1
1.14,1,1,1,1
1.141,1,1,1,1
1.142,1,1,1,1
1.143,1,1,1,1
1.144,1,1,1,1
1.145,1,1,1,1
1.146,1,1,1,1
1.147,1,1,1,1
1.148,1,1,1,1
1.149,1,1,1,1
1.15,1,1,1,1
1.151,1,1,1,1
1.152,1,1,1,1
1.153,1,1,1,1
1.154,1,1,1,1
1.155,1,1,1,1
1.156,1,1,1,1
1.157,1,1,1,1
1.158,1,1,1,1
1.159,1,1,1,1
1.16,1,1,1,1
1.161,1,1,1,1
1.162,1,1,1,1
1.163,1,1,1,1
1.164,1,1,1,1
1.165,1,1,1,1
1.166,1,1,1,1
1.167,1,1,1,1
1.168,1,1,1,1
1.169,1,1,1,1
1.17,1,1,1,1
1.171,1,1,1,1
1.172,1,1,1,1
1.173,1,1,1,1
1.174,1,1,1,1
1.175,1,1,1,1
1.176,1,1,1,1
1.177,1,1,1,1
1.178,1,1,1,1
1.179,1,1,1,1
1.18,1,1,1,1
1.181,1,1,1,1
1.182,1,1,1,1
1.183,1,1,1,1
1.184,1,1,1,1
1.185,1,1,1,1
1.186,1,1,1,1
1.187,1,1,1,1
1.188,1,1,1,1
1.189,1,1,1,1
1.19,1,1,1,1
1.191,1,1,1,1
1.192,1,1,1,1
1.193,1,1,1,1
1.194,1,1,1,1
1.195,1,1,1,1
1.196,1,1,1,1
1.197,1,1,1,1
1.198,1,1,1,1
1.199,1,1,1,1
1.2,1,1,1,1